{"no": {"TN": 488, "FP": 58, "FN": 25, "TP": 686, "accuracy": 0.933969769291965, "precision": 0.9220430107526881, "recall": 0.9648382559774965, "f1": 0.9429553264604811, "roc_auc": 0.9676653632349835, "avg_prec": 0.9578317017118089, "specificity": 0.8937728937728938}, "25": {"TN": 7, "FP": 539, "FN": 1, "TP": 710, "accuracy": 0.5704057279236276, "precision": 0.5684547638110489, "recall": 0.9985935302390999, "f1": 0.7244897959183674, "roc_auc": 0.5070606842758741, "avg_prec": 0.5691283465396564, "specificity": 0.01282051282051282}, "50": {"TN": 13, "FP": 533, "FN": 3, "TP": 708, "accuracy": 0.573587907716786, "precision": 0.5705076551168412, "recall": 0.9957805907172996, "f1": 0.7254098360655737, "roc_auc": 0.5108872608872609, "avg_prec": 0.5710595220823217, "specificity": 0.023809523809523808}, "75": {"TN": 13, "FP": 533, "FN": 7, "TP": 704, "accuracy": 0.5704057279236276, "precision": 0.5691188358932903, "recall": 0.9901547116736991, "f1": 0.7227926078028748, "roc_auc": 0.5117205813408344, "avg_prec": 0.5715041445582287, "specificity": 0.023809523809523808}, "100": {"TN": 12, "FP": 534, "FN": 8, "TP": 703, "accuracy": 0.5688146380270486, "precision": 0.5683104284559418, "recall": 0.9887482419127989, "f1": 0.7217659137577002, "roc_auc": 0.5090119678727274, "avg_prec": 0.5701152851751046, "specificity": 0.02197802197802198}}