{
    "100": {
        "accuracy": 0.5688146380270486,
        "avg_prec": 0.5701152851751046,
        "f1": 0.7217659137577002,
        "FN": 8,
        "FP": 534,
        "precision": 0.5683104284559418,
        "recall": 0.9887482419127989,
        "roc_auc": 0.5090119678727274,
        "specificity": 0.02197802197802198,
        "TN": 12,
        "TP": 703
    },
    "25": {
        "accuracy": 0.5704057279236276,
        "avg_prec": 0.5691283465396564,
        "f1": 0.7244897959183674,
        "FN": 1,
        "FP": 539,
        "precision": 0.5684547638110489,
        "recall": 0.9985935302390999,
        "roc_auc": 0.5070606842758741,
        "specificity": 0.01282051282051282,
        "TN": 7,
        "TP": 710
    },
    "50": {
        "accuracy": 0.573587907716786,
        "avg_prec": 0.5710595220823217,
        "f1": 0.7254098360655737,
        "FN": 3,
        "FP": 533,
        "precision": 0.5705076551168412,
        "recall": 0.9957805907172996,
        "roc_auc": 0.5108872608872609,
        "specificity": 0.023809523809523808,
        "TN": 13,
        "TP": 708
    },
    "75": {
        "accuracy": 0.5704057279236276,
        "avg_prec": 0.5715041445582287,
        "f1": 0.7227926078028748,
        "FN": 7,
        "FP": 533,
        "precision": 0.5691188358932903,
        "recall": 0.9901547116736991,
        "roc_auc": 0.5117205813408344,
        "specificity": 0.023809523809523808,
        "TN": 13,
        "TP": 704
    },
    "no": {
        "accuracy": 0.933969769291965,
        "avg_prec": 0.9578317017118089,
        "f1": 0.9429553264604811,
        "FN": 25,
        "FP": 58,
        "precision": 0.9220430107526881,
        "recall": 0.9648382559774965,
        "roc_auc": 0.9676653632349835,
        "specificity": 0.8937728937728938,
        "TN": 488,
        "TP": 686
    }
}