{"no": {"TN": 492, "FP": 54, "FN": 601, "TP": 110, "accuracy": 0.4789180588703262, "precision": 0.6707317073170732, "recall": 0.15471167369901548, "f1": 0.25142857142857145, "roc_auc": 0.5703028804294626, "avg_prec": 0.6239159844785731, "specificity": 0.9010989010989011}, "25": {"TN": 473, "FP": 73, "FN": 610, "TP": 101, "accuracy": 0.45664280031821797, "precision": 0.5804597701149425, "recall": 0.1420534458509142, "f1": 0.22824858757062147, "roc_auc": 0.455405119962082, "avg_prec": 0.5500299055261317, "specificity": 0.8663003663003663}, "50": {"TN": 474, "FP": 72, "FN": 616, "TP": 95, "accuracy": 0.4526650755767701, "precision": 0.5688622754491018, "recall": 0.13361462728551335, "f1": 0.2164009111617312, "roc_auc": 0.48296265384872983, "avg_prec": 0.5614584264311743, "specificity": 0.8681318681318682}, "75": {"TN": 470, "FP": 76, "FN": 600, "TP": 111, "accuracy": 0.462211614956245, "precision": 0.5935828877005348, "recall": 0.15611814345991562, "f1": 0.24721603563474387, "roc_auc": 0.4977228584823522, "avg_prec": 0.5715165681207153, "specificity": 0.8608058608058609}, "100": {"TN": 456, "FP": 90, "FN": 586, "TP": 125, "accuracy": 0.462211614956245, "precision": 0.5813953488372093, "recall": 0.17580872011251758, "f1": 0.26997840172786175, "roc_auc": 0.49338495541027194, "avg_prec": 0.571979661901534, "specificity": 0.8351648351648352}}