{"no": {"TN": 490, "FP": 56, "FN": 599, "TP": 112, "accuracy": 0.4789180588703262, "precision": 0.6666666666666666, "recall": 0.15752461322081576, "f1": 0.25483503981797495, "roc_auc": 0.5639583107937538, "avg_prec": 0.6186420022105201, "specificity": 0.8974358974358975}, "25": {"TN": 462, "FP": 84, "FN": 606, "TP": 105, "accuracy": 0.4510739856801909, "precision": 0.5555555555555556, "recall": 0.14767932489451477, "f1": 0.23333333333333334, "roc_auc": 0.4504824757989314, "avg_prec": 0.5464604036422148, "specificity": 0.8461538461538461}, "50": {"TN": 470, "FP": 76, "FN": 611, "TP": 100, "accuracy": 0.45346062052505964, "precision": 0.5681818181818182, "recall": 0.14064697609001406, "f1": 0.2254791431792559, "roc_auc": 0.4803815500018032, "avg_prec": 0.5600664986993394, "specificity": 0.8608058608058609}, "75": {"TN": 464, "FP": 82, "FN": 595, "TP": 116, "accuracy": 0.4614160700079554, "precision": 0.5858585858585859, "recall": 0.1631504922644163, "f1": 0.2552255225522552, "roc_auc": 0.49348799348799355, "avg_prec": 0.5692204046004459, "specificity": 0.8498168498168498}, "100": {"TN": 461, "FP": 85, "FN": 585, "TP": 126, "accuracy": 0.4669848846459825, "precision": 0.5971563981042654, "recall": 0.17721518987341772, "f1": 0.27331887201735355, "roc_auc": 0.49103311128627586, "avg_prec": 0.570303453639603, "specificity": 0.8443223443223443}}