{
    "100": {
        "accuracy": 0.8210023866348448,
        "avg_prec": 0.9546404498647163,
        "f1": 0.8181083265966047,
        "FN": 205,
        "FP": 20,
        "precision": 0.9619771863117871,
        "recall": 0.7116736990154712,
        "roc_auc": 0.9338984971896365,
        "TN": 526,
        "TP": 506
    },
    "25": {
        "accuracy": 0.7398568019093079,
        "avg_prec": 0.8725116981581483,
        "f1": 0.7490406753645433,
        "FN": 223,
        "FP": 104,
        "precision": 0.8243243243243243,
        "recall": 0.6863572433192686,
        "roc_auc": 0.8329907317249089,
        "TN": 442,
        "TP": 488
    },
    "50": {
        "accuracy": 0.7899761336515513,
        "avg_prec": 0.9313801231001942,
        "f1": 0.7836065573770492,
        "FN": 233,
        "FP": 31,
        "precision": 0.9390962671905697,
        "recall": 0.6722925457102672,
        "roc_auc": 0.9011246606183315,
        "TN": 515,
        "TP": 478
    },
    "75": {
        "accuracy": 0.8066825775656324,
        "avg_prec": 0.9466526946054652,
        "f1": 0.8022782750203418,
        "FN": 218,
        "FP": 25,
        "precision": 0.9517374517374517,
        "recall": 0.6933895921237694,
        "roc_auc": 0.921613782373276,
        "TN": 521,
        "TP": 493
    },
    "no": {
        "accuracy": 0.8552108194112967,
        "avg_prec": 0.978804872550725,
        "f1": 0.8548644338118022,
        "FN": 175,
        "FP": 7,
        "precision": 0.9871086556169429,
        "recall": 0.7538677918424754,
        "roc_auc": 0.9701138055568435,
        "TN": 539,
        "TP": 536
    }
}