{"no": {"TN": 539, "FP": 7, "FN": 175, "TP": 536, "accuracy": 0.8552108194112967, "precision": 0.9871086556169429, "recall": 0.7538677918424754, "f1": 0.8548644338118022, "roc_auc": 0.9701138055568435, "avg_prec": 0.978804872550725, "specificity": 0.9871794871794872}, "25": {"TN": 442, "FP": 104, "FN": 223, "TP": 488, "accuracy": 0.7398568019093079, "precision": 0.8243243243243243, "recall": 0.6863572433192686, "f1": 0.7490406753645433, "roc_auc": 0.8329907317249089, "avg_prec": 0.8725116981581483, "specificity": 0.8095238095238095}, "50": {"TN": 515, "FP": 31, "FN": 233, "TP": 478, "accuracy": 0.7899761336515513, "precision": 0.9390962671905697, "recall": 0.6722925457102672, "f1": 0.7836065573770492, "roc_auc": 0.9011246606183315, "avg_prec": 0.9313801231001942, "specificity": 0.9432234432234432}, "75": {"TN": 521, "FP": 25, "FN": 218, "TP": 493, "accuracy": 0.8066825775656324, "precision": 0.9517374517374517, "recall": 0.6933895921237694, "f1": 0.8022782750203418, "roc_auc": 0.921613782373276, "avg_prec": 0.9466526946054652, "specificity": 0.9542124542124543}, "100": {"TN": 526, "FP": 20, "FN": 205, "TP": 506, "accuracy": 0.8210023866348448, "precision": 0.9619771863117871, "recall": 0.7116736990154712, "f1": 0.8181083265966047, "roc_auc": 0.9338984971896365, "avg_prec": 0.9546404498647163, "specificity": 0.9633699633699634}}