{"no": {"TN": 543, "FP": 3, "FN": 399, "TP": 312, "accuracy": 0.6801909307875895, "precision": 0.9904761904761905, "recall": 0.4388185654008439, "f1": 0.6081871345029239, "roc_auc": 0.9266034012869456, "avg_prec": 0.9481580319431009, "specificity": 0.9945054945054945}, "25": {"TN": 509, "FP": 37, "FN": 432, "TP": 279, "accuracy": 0.6268894192521878, "precision": 0.8829113924050633, "recall": 0.3924050632911392, "f1": 0.5433300876338851, "roc_auc": 0.7582984291845051, "avg_prec": 0.8206894927157091, "specificity": 0.9322344322344323}, "50": {"TN": 536, "FP": 10, "FN": 409, "TP": 302, "accuracy": 0.6666666666666666, "precision": 0.967948717948718, "recall": 0.4247538677918425, "f1": 0.5904203323558163, "roc_auc": 0.8627764640422868, "avg_prec": 0.9016207108290425, "specificity": 0.9816849816849816}, "75": {"TN": 541, "FP": 5, "FN": 416, "TP": 295, "accuracy": 0.6650755767700876, "precision": 0.9833333333333333, "recall": 0.4149085794655415, "f1": 0.5835806132542037, "roc_auc": 0.8865293169090637, "avg_prec": 0.9203062009565386, "specificity": 0.9908424908424909}, "100": {"TN": 543, "FP": 3, "FN": 414, "TP": 297, "accuracy": 0.6682577565632458, "precision": 0.99, "recall": 0.4177215189873418, "f1": 0.5875370919881305, "roc_auc": 0.9021370097319465, "avg_prec": 0.93149146500178, "specificity": 0.9945054945054945}}