{
    "100": {
        "accuracy": 0.6682577565632458,
        "avg_prec": 0.93149146500178,
        "f1": 0.5875370919881305,
        "FN": 414,
        "FP": 3,
        "precision": 0.99,
        "recall": 0.4177215189873418,
        "roc_auc": 0.9021370097319465,
        "specificity": 0.9945054945054945,
        "TN": 543,
        "TP": 297
    },
    "25": {
        "accuracy": 0.6268894192521878,
        "avg_prec": 0.8206894927157091,
        "f1": 0.5433300876338851,
        "FN": 432,
        "FP": 37,
        "precision": 0.8829113924050633,
        "recall": 0.3924050632911392,
        "roc_auc": 0.7582984291845051,
        "specificity": 0.9322344322344323,
        "TN": 509,
        "TP": 279
    },
    "50": {
        "accuracy": 0.6666666666666666,
        "avg_prec": 0.9016207108290425,
        "f1": 0.5904203323558163,
        "FN": 409,
        "FP": 10,
        "precision": 0.967948717948718,
        "recall": 0.4247538677918425,
        "roc_auc": 0.8627764640422868,
        "specificity": 0.9816849816849816,
        "TN": 536,
        "TP": 302
    },
    "75": {
        "accuracy": 0.6650755767700876,
        "avg_prec": 0.9203062009565386,
        "f1": 0.5835806132542037,
        "FN": 416,
        "FP": 5,
        "precision": 0.9833333333333333,
        "recall": 0.4149085794655415,
        "roc_auc": 0.8865293169090637,
        "specificity": 0.9908424908424909,
        "TN": 541,
        "TP": 295
    },
    "no": {
        "accuracy": 0.6801909307875895,
        "avg_prec": 0.9481580319431009,
        "f1": 0.6081871345029239,
        "FN": 399,
        "FP": 3,
        "precision": 0.9904761904761905,
        "recall": 0.4388185654008439,
        "roc_auc": 0.9266034012869456,
        "specificity": 0.9945054945054945,
        "TN": 543,
        "TP": 312
    }
}